run_id,timestamp,device_type,task,repeat_idx,dataset,model,duration_s,units_processed,energy_kWh_codecarbon,energy_per_unit_kWh,avg_gpu_watts,cost_estimate,notes
cpu_chatbot_r1_1787153241,2026-08-19T15:28:06.597559,cpu,chatbot,1,SQuAD v1.1 (validation split),"GPT-2 (124M, Hugging Face transformers)",45.122,13.0,5.629414890978533e-05,4.330319146906564e-06,,0.00045,CPU watts not directly measurable in Colab (RAPL blocked); energy_kWh_codecarbon is CodeCarbon's constant-mode estimate.
cpu_chatbot_r2_1787153286,2026-08-19T15:28:54.175782,cpu,chatbot,2,SQuAD v1.1 (validation split),"GPT-2 (124M, Hugging Face transformers)",47.135,14.0,6.336970100424403e-05,4.52640721458886e-06,,0.000507,CPU watts not directly measurable in Colab (RAPL blocked); energy_kWh_codecarbon is CodeCarbon's constant-mode estimate.
cpu_chatbot_r3_1787153334,2026-08-19T15:29:39.735331,cpu,chatbot,3,SQuAD v1.1 (validation split),"GPT-2 (124M, Hugging Face transformers)",45.103,14.0,5.771220035166506e-05,4.122300025118933e-06,,0.000462,CPU watts not directly measurable in Colab (RAPL blocked); energy_kWh_codecarbon is CodeCarbon's constant-mode estimate.
cpu_chatbot_r4_1787153379,2026-08-19T15:30:27.824721,cpu,chatbot,4,SQuAD v1.1 (validation split),"GPT-2 (124M, Hugging Face transformers)",47.597,13.0,6.355452478662213e-05,4.888809598970933e-06,,0.000508,CPU watts not directly measurable in Colab (RAPL blocked); energy_kWh_codecarbon is CodeCarbon's constant-mode estimate.
cpu_chatbot_r5_1787153427,2026-08-19T15:31:16.896396,cpu,chatbot,5,SQuAD v1.1 (validation split),"GPT-2 (124M, Hugging Face transformers)",48.651,14.0,6.663742796388909e-05,4.759816283134935e-06,,0.000533,CPU watts not directly measurable in Colab (RAPL blocked); energy_kWh_codecarbon is CodeCarbon's constant-mode estimate.
cpu_chatbot_r6_1787153476,2026-08-19T15:32:02.459698,cpu,chatbot,6,SQuAD v1.1 (validation split),"GPT-2 (124M, Hugging Face transformers)",45.014,13.0,5.787226297577166e-05,4.4517125365978204e-06,,0.000463,CPU watts not directly measurable in Colab (RAPL blocked); energy_kWh_codecarbon is CodeCarbon's constant-mode estimate.
cpu_chatbot_r7_1787153522,2026-08-19T15:32:51.299083,cpu,chatbot,7,SQuAD v1.1 (validation split),"GPT-2 (124M, Hugging Face transformers)",48.238,14.0,6.022203300285694e-05,4.301573785918353e-06,,0.000482,CPU watts not directly measurable in Colab (RAPL blocked); energy_kWh_codecarbon is CodeCarbon's constant-mode estimate.
cpu_chatbot_r8_1787153571,2026-08-19T15:33:37.157807,cpu,chatbot,8,SQuAD v1.1 (validation split),"GPT-2 (124M, Hugging Face transformers)",45.424,13.0,6.083246425234811e-05,4.679420327103701e-06,,0.000487,CPU watts not directly measurable in Colab (RAPL blocked); energy_kWh_codecarbon is CodeCarbon's constant-mode estimate.
cpu_image_processing_r1_1787152451,2026-08-19T15:14:59.178800,cpu,image_processing,1,CIFAR-10 (test split),"ResNet-50 (ImageNet-pretrained, torchvision)",45.974,176.0,6.700404383831903e-05,3.8070479453590365e-07,,0.000536,CPU watts not directly measurable in Colab (RAPL blocked); energy_kWh_codecarbon is CodeCarbon's constant-mode estimate.
cpu_image_processing_r2_1787152499,2026-08-19T15:15:45.043552,cpu,image_processing,2,CIFAR-10 (test split),"ResNet-50 (ImageNet-pretrained, torchvision)",45.138,208.0,5.745934695944787e-05,2.762468603819609e-07,,0.00046,CPU watts not directly measurable in Colab (RAPL blocked); energy_kWh_codecarbon is CodeCarbon's constant-mode estimate.
cpu_image_processing_r3_1787152545,2026-08-19T15:16:33.606028,cpu,image_processing,3,CIFAR-10 (test split),"ResNet-50 (ImageNet-pretrained, torchvision)",48.034,224.0,6.284307020375316e-05,2.805494205524695e-07,,0.000503,CPU watts not directly measurable in Colab (RAPL blocked); energy_kWh_codecarbon is CodeCarbon's constant-mode estimate.
cpu_image_processing_r4_1787152593,2026-08-19T15:17:21.667755,cpu,image_processing,4,CIFAR-10 (test split),"ResNet-50 (ImageNet-pretrained, torchvision)",47.796,224.0,6.255153486795244e-05,2.792479235176448e-07,,0.0005,CPU watts not directly measurable in Colab (RAPL blocked); energy_kWh_codecarbon is CodeCarbon's constant-mode estimate.
cpu_image_processing_r5_1787152641,2026-08-19T15:18:10.231810,cpu,image_processing,5,CIFAR-10 (test split),"ResNet-50 (ImageNet-pretrained, torchvision)",48.383,224.0,6.367662952365306e-05,2.842706675163083e-07,,0.000509,CPU watts not directly measurable in Colab (RAPL blocked); energy_kWh_codecarbon is CodeCarbon's constant-mode estimate.
cpu_image_processing_r6_1787152690,2026-08-19T15:18:58.803564,cpu,image_processing,6,CIFAR-10 (test split),"ResNet-50 (ImageNet-pretrained, torchvision)",48.06,224.0,6.225759395796092e-05,2.779356873123256e-07,,0.000498,CPU watts not directly measurable in Colab (RAPL blocked); energy_kWh_codecarbon is CodeCarbon's constant-mode estimate.
cpu_image_processing_r7_1787152739,2026-08-19T15:19:47.231964,cpu,image_processing,7,CIFAR-10 (test split),"ResNet-50 (ImageNet-pretrained, torchvision)",47.72,224.0,6.078933357993167e-05,2.713809534818378e-07,,0.000486,CPU watts not directly measurable in Colab (RAPL blocked); energy_kWh_codecarbon is CodeCarbon's constant-mode estimate.
cpu_image_processing_r8_1787152787,2026-08-19T15:20:33.326278,cpu,image_processing,8,CIFAR-10 (test split),"ResNet-50 (ImageNet-pretrained, torchvision)",45.989,192.0,6.268271750363912e-05,3.264724869981205e-07,,0.000501,CPU watts not directly measurable in Colab (RAPL blocked); energy_kWh_codecarbon is CodeCarbon's constant-mode estimate.
cpu_text_generation_r1_1787152833,2026-08-19T15:21:23.399739,cpu,text_generation,1,WikiText-2-raw-v1 (test split),"GPT-2 (124M, Hugging Face transformers)",49.779,1050.0,6.4564532582177e-05,6.149003103064476e-08,,0.000517,CPU watts not directly measurable in Colab (RAPL blocked); energy_kWh_codecarbon is CodeCarbon's constant-mode estimate.
cpu_text_generation_r3_1787152929,2026-08-19T15:23:01.809023,cpu,text_generation,3,WikiText-2-raw-v1 (test split),"GPT-2 (124M, Hugging Face transformers)",51.848,900.0,7.024869514422271e-05,7.805410571580302e-08,,0.000562,CPU watts not directly measurable in Colab (RAPL blocked); energy_kWh_codecarbon is CodeCarbon's constant-mode estimate.
cpu_text_generation_r8_1787153187,2026-08-19T15:27:20.721040,cpu,text_generation,8,WikiText-2-raw-v1 (test split),"GPT-2 (124M, Hugging Face transformers)",53.289,1050.0,7.090612738326821e-05,6.752964512692211e-08,,0.000567,CPU watts not directly measurable in Colab (RAPL blocked); energy_kWh_codecarbon is CodeCarbon's constant-mode estimate.
gpu_chatbot_r1_1787152051,2026-08-19T15:08:17.352885,gpu,chatbot,1,SQuAD v1.1 (validation split),"GPT-2 (124M, Hugging Face transformers)",45.384,72.0,0.0002286353000378,3.1754902783035927e-06,38.642054945054944,0.001829,
gpu_chatbot_r2_1787152097,2026-08-19T15:09:03.328428,gpu,chatbot,2,SQuAD v1.1 (validation split),"GPT-2 (124M, Hugging Face transformers)",45.393,73.0,0.0002292320192509,3.140164647273572e-06,38.791274725274725,0.001834,
gpu_chatbot_r3_1787152143,2026-08-19T15:09:48.836836,gpu,chatbot,3,SQuAD v1.1 (validation split),"GPT-2 (124M, Hugging Face transformers)",45.31,70.0,0.0002279531502718,3.2564735753122397e-06,38.17062222222223,0.001824,
gpu_chatbot_r4_1787152188,2026-08-19T15:10:34.303181,gpu,chatbot,4,SQuAD v1.1 (validation split),"GPT-2 (124M, Hugging Face transformers)",45.108,71.0,0.0002281138545054,3.2128711902176604e-06,38.61677777777778,0.001825,
gpu_chatbot_r5_1787152234,2026-08-19T15:11:20.287690,gpu,chatbot,5,SQuAD v1.1 (validation split),"GPT-2 (124M, Hugging Face transformers)",45.588,73.0,0.0002291553192082,3.1391139617570817e-06,38.59807692307693,0.001833,
gpu_chatbot_r6_1787152280,2026-08-19T15:12:05.792559,gpu,chatbot,6,SQuAD v1.1 (validation split),"GPT-2 (124M, Hugging Face transformers)",45.282,70.0,0.0002286871533324,3.2669593333206405e-06,38.208822222222224,0.001829,
gpu_chatbot_r7_1787152325,2026-08-19T15:12:51.275845,gpu,chatbot,7,SQuAD v1.1 (validation split),"GPT-2 (124M, Hugging Face transformers)",45.176,74.0,0.0002273866970343,3.0727932031666195e-06,38.57013333333333,0.001819,
gpu_chatbot_r7_1787153461,2026-08-19T15:31:47.217317,gpu,chatbot,7,SQuAD v1.1 (validation split),"GPT-2 (124M, Hugging Face transformers)",45.571,76.0,0.000314906230415,4.1435030317772975e-06,46.35277173913043,0.002519,
gpu_chatbot_r8_1787153507,2026-08-19T15:32:33.164229,gpu,chatbot,8,SQuAD v1.1 (validation split),"GPT-2 (124M, Hugging Face transformers)",45.258,76.0,0.0003165316318356,4.164889892574264e-06,47.099714285714285,0.002532,
gpu_image_processing_r1_1787151316,2026-08-19T14:56:03.822166,gpu,image_processing,1,CIFAR-10 (test split),"ResNet-50 (ImageNet-pretrained, torchvision)",45.037,13568.0,0.0003433254740083,2.530405911028167e-08,63.7060652173913,0.002747,
gpu_image_processing_r2_1787151364,2026-08-19T14:56:49.450194,gpu,image_processing,2,CIFAR-10 (test split),"ResNet-50 (ImageNet-pretrained, torchvision)",45.036,15088.0,0.0003515442618285,2.329959317527332e-08,66.97367415730338,0.002812,
gpu_image_processing_r3_1787151409,2026-08-19T14:57:34.725612,gpu,image_processing,3,CIFAR-10 (test split),"ResNet-50 (ImageNet-pretrained, torchvision)",45.003,14416.0,0.0003484061607341,2.4168018918851164e-08,65.45893258426966,0.002787,
gpu_image_processing_r4_1787151454,2026-08-19T14:58:20.394073,gpu,image_processing,4,CIFAR-10 (test split),"ResNet-50 (ImageNet-pretrained, torchvision)",45.019,14816.0,0.0003510142254197,2.369156489064095e-08,66.94563333333333,0.002808,
gpu_image_processing_r5_1787151500,2026-08-19T14:59:05.545404,gpu,image_processing,5,CIFAR-10 (test split),"ResNet-50 (ImageNet-pretrained, torchvision)",45.018,14720.0,0.0003519660058268,2.3910734091500413e-08,66.73846067415731,0.002816,
gpu_image_processing_r6_1787151545,2026-08-19T14:59:50.698940,gpu,image_processing,6,CIFAR-10 (test split),"ResNet-50 (ImageNet-pretrained, torchvision)",45.025,14752.0,0.0003513860187933,2.381955116549461e-08,66.84939325842697,0.002811,
gpu_image_processing_r7_1787151590,2026-08-19T15:00:35.881061,gpu,image_processing,7,CIFAR-10 (test split),"ResNet-50 (ImageNet-pretrained, torchvision)",45.043,14768.0,0.0003504609347567,2.373110338276785e-08,67.17039325842697,0.002804,
gpu_image_processing_r8_1787151635,2026-08-19T15:01:21.541049,gpu,image_processing,8,CIFAR-10 (test split),"ResNet-50 (ImageNet-pretrained, torchvision)",45.03,14768.0,0.0003514281018367,2.379659411137332e-08,66.53287777777777,0.002811,
gpu_image_processing_r6_1787152677,2026-08-19T15:18:43.392772,gpu,image_processing,6,CIFAR-10 (test split),"ResNet-50 (ImageNet-pretrained, torchvision)",45.003,27792.0,0.0004311292557997,1.5512710700913525e-08,71.01908791208791,0.003449,
gpu_text_generation_r1_1787151681,2026-08-19T15:02:08.033101,gpu,text_generation,1,WikiText-2-raw-v1 (test split),"GPT-2 (124M, Hugging Face transformers)",46.302,4500.0,0.0002407077180467,5.349060401039346e-08,40.45972826086957,0.001926,
gpu_text_generation_r2_1787151728,2026-08-19T15:02:54.504983,gpu,text_generation,2,WikiText-2-raw-v1 (test split),"GPT-2 (124M, Hugging Face transformers)",45.977,4500.0,0.0002405985040347,5.3466334229944846e-08,40.642184782608695,0.001925,
gpu_text_generation_r3_1787151774,2026-08-19T15:03:40.476512,gpu,text_generation,3,WikiText-2-raw-v1 (test split),"GPT-2 (124M, Hugging Face transformers)",45.826,4350.0,0.0002391925625588,5.4986795990533575e-08,40.31438461538461,0.001914,
gpu_text_generation_r4_1787151820,2026-08-19T15:04:26.960141,gpu,text_generation,4,WikiText-2-raw-v1 (test split),"GPT-2 (124M, Hugging Face transformers)",46.309,4650.0,0.0002422406674565,5.2094767194950614e-08,40.90375,0.001938,
gpu_text_generation_r5_1787151866,2026-08-19T15:05:12.920149,gpu,text_generation,5,WikiText-2-raw-v1 (test split),"GPT-2 (124M, Hugging Face transformers)",45.481,4350.0,0.000238174791478,5.475282562714512e-08,40.92856043956044,0.001905,
gpu_text_generation_r6_1787151912,2026-08-19T15:05:58.895143,gpu,text_generation,6,WikiText-2-raw-v1 (test split),"GPT-2 (124M, Hugging Face transformers)",45.373,4500.0,0.0002360631313564,5.245847363476461e-08,40.067791208791206,0.001889,
gpu_text_generation_r7_1787151958,2026-08-19T15:06:44.376798,gpu,text_generation,7,WikiText-2-raw-v1 (test split),"GPT-2 (124M, Hugging Face transformers)",45.221,4350.0,0.0002363566768432,5.4334868239819685e-08,40.811933333333336,0.001891,
gpu_text_generation_r8_1787152004,2026-08-19T15:07:31.374393,gpu,text_generation,8,WikiText-2-raw-v1 (test split),"GPT-2 (124M, Hugging Face transformers)",46.751,4800.0,0.000243585097993,5.0746895415214096e-08,40.24519354838709,0.001949,
gpu_text_generation_r1_1787152815,2026-08-19T15:21:00.752863,gpu,text_generation,1,WikiText-2-raw-v1 (test split),"GPT-2 (124M, Hugging Face transformers)",45.014,4650.0,0.0003119105000653,6.707752689576822e-08,46.14201098901098,0.002495,
gpu_text_generation_r2_1787152861,2026-08-19T15:21:47.544486,gpu,text_generation,2,WikiText-2-raw-v1 (test split),"GPT-2 (124M, Hugging Face transformers)",45.94,4800.0,0.0003175295030814,6.615197980862561e-08,46.37867741935484,0.00254,
gpu_text_generation_r3_1787152907,2026-08-19T15:22:33.899879,gpu,text_generation,3,WikiText-2-raw-v1 (test split),"GPT-2 (124M, Hugging Face transformers)",45.898,4650.0,0.0003213561435371,6.910884807249504e-08,47.22882608695652,0.002571,
gpu_text_generation_r4_1787152953,2026-08-19T15:23:19.936399,gpu,text_generation,4,WikiText-2-raw-v1 (test split),"GPT-2 (124M, Hugging Face transformers)",45.655,4800.0,0.0003225127861062,6.719016377214314e-08,48.03456521739131,0.00258,
gpu_text_generation_r5_1787153000,2026-08-19T15:24:06.252845,gpu,text_generation,5,WikiText-2-raw-v1 (test split),"GPT-2 (124M, Hugging Face transformers)",45.86,4650.0,0.0003212770092215,6.909182994012385e-08,47.25134782608696,0.00257,
gpu_text_generation_r6_1787153046,2026-08-19T15:24:52.781004,gpu,text_generation,6,WikiText-2-raw-v1 (test split),"GPT-2 (124M, Hugging Face transformers)",46.179,4650.0,0.0003254265654027,6.998420761349872e-08,47.90544086021505,0.002603,
gpu_text_generation_r7_1787153092,2026-08-19T15:25:39.308921,gpu,text_generation,7,WikiText-2-raw-v1 (test split),"GPT-2 (124M, Hugging Face transformers)",46.225,4800.0,0.0003248451020329,6.76760629235259e-08,47.51706451612904,0.002599,
gpu_text_generation_r8_1787153139,2026-08-19T15:26:25.335584,gpu,text_generation,8,WikiText-2-raw-v1 (test split),"GPT-2 (124M, Hugging Face transformers)",45.886,4650.0,0.0003218624574039,6.921773277504899e-08,47.49790217391304,0.002575,
